<?xml version="1.0" encoding="utf-8"?>
<resources>

	<string-array name="feedbacktypeSBElist">
	    <item>@string/feedbacktypeSBERecharge0</item>
		<item>@string/feedbacktypeSBERecharge1</item>
		<item>@string/feedbacktypeSBERecharge2</item>
		<item>@string/feedbacktypeSBERecharge3</item>
		<item>@string/feedbacktypeSBERecharge4</item>
		<item>@string/feedbacktypeSBERecharge5</item>
		<item>@string/feedbacktypeSBERecharge6</item>
		<item>@string/feedbacktypeSBERecharge7</item>
		<item>@string/feedbacktypeSBERecharge8</item>
		<item>@string/feedbacktypeSBERecharge9</item>
		<item>@string/feedbacktypeSBERecharge10</item>
		<item>@string/feedbacktypeSBERecharge11</item>
		<item>@string/feedbacktypeSBERecharge12</item>
		<item>@string/feedbacktypeSBERecharge13</item>
		<item>@string/feedbacktypeSBERecharge14</item>
		<item>@string/feedbacktypeSBERecharge15</item>
		<item>@string/feedbacktypeSBERecharge16</item>
		<item>@string/feedbacktypeSBERecharge17</item>
		<item>@string/feedbacktypeSBERecharge18</item>
		<item>@string/feedbacktypeSBERecharge19</item>
		<item>@string/feedbacktypeSBERecharge20</item>
		<item>@string/feedbacktypeSBERecharge21</item>
		<item>@string/feedbacktypeSBERecharge22</item>
		<item>@string/feedbacktypeSBERecharge23</item>
		<item>@string/feedbacktypeSBERecharge24</item>
		<item>@string/feedbacktypeSBERecharge25</item>
		<item>@string/feedbacktypeSBERecharge26</item>
		<item>@string/feedbacktypeSBERecharge27</item>
		<item>@string/feedbacktypeSBERecharge28</item>
		<item>@string/feedbacktypeSBERecharge29</item>
		<item>@string/feedbacktypeSBERecharge30</item>
		<item>@string/feedbacktypeSBERecharge31</item>
		<item>@string/feedbacktypeSBERecharge32</item>
		<item>@string/feedbacktypeSBERecharge33</item>
		<item>@string/feedbacktypeSBERecharge34</item>
		<item>@string/feedbacktypeSBERecharge35</item>
		<item>@string/feedbacktypeSBERecharge36</item>
		<item>@string/feedbacktypeSBERecharge37</item>
		<item>@string/feedbacktypeSBERecharge38</item>
		<item>@string/feedbacktypeSBERecharge39</item>
		<item>@string/feedbacktypeSBERecharge40</item>
		<item>@string/feedbacktypeSBERecharge41</item>
		<item>@string/feedbacktypeSBERecharge42</item>
		<item>@string/feedbacktypeSBERecharge43</item>
		<item>@string/feedbacktypeSBERecharge44</item>
		<item>@string/feedbacktypeSBERecharge45</item>
		<item>@string/feedbacktypeSBERecharge46</item>
		<item>@string/feedbacktypeSBERecharge47</item>
		<item>@string/feedbacktypeSBERecharge48</item>
		<item>@string/feedbacktypeSBERecharge49</item>
		<item>@string/feedbacktypeSBERecharge50</item>
		<item>@string/feedbacktypeSBERecharge51</item>
		<item>@string/feedbacktypeSBERecharge52</item>
		<item>@string/feedbacktypeSBERecharge53</item>
		<item>@string/feedbacktypeSBERecharge54</item>
		<item>@string/feedbacktypeSBERecharge55</item>
		<item>@string/feedbacktypeSBERecharge56</item>
		<item>@string/feedbacktypeSBERecharge57</item>
		<item>@string/feedbacktypeSBERecharge58</item>
		<item>@string/feedbacktypeSBERecharge58</item>
		<item>@string/feedbacktypeSBERecharge59</item>
		<item>@string/feedbacktypeSBERecharge60</item>
		<item>@string/feedbacktypeSBERecharge61</item>
		<item>@string/feedbacktypeSBERecharge62</item>
		<item>@string/feedbacktypeSBERecharge63</item>
		<item>@string/feedbacktypeSBERecharge64</item>
		<item>@string/feedbacktypeSBERecharge65</item>
		<item>@string/feedbacktypeSBERecharge66</item>
		<item>@string/feedbacktypeSBERecharge67</item>
		<item>@string/feedbacktypeSBERecharge68</item>
		<item>@string/feedbacktypeSBERecharge69</item>
		<item>@string/feedbacktypeSBERecharge70</item>
		<item>@string/feedbacktypeSBERecharge71</item>
		<item>@string/feedbacktypeSBERecharge72</item>
		<item>@string/feedbacktypeSBERecharge73</item>
		<item>@string/feedbacktypeSBERecharge74</item>
		<item>@string/feedbacktypeSBERecharge75</item>
		<item>@string/feedbacktypeSBERecharge76</item>
		<item>@string/feedbacktypeSBERecharge77</item>
		<item>@string/feedbacktypeSBERecharge78</item>
		<item>@string/feedbacktypeSBERecharge79</item>
		<item>@string/feedbacktypeSBERecharge80</item>
		<item>@string/feedbacktypeSBERecharge81</item>
		<item>@string/feedbacktypeSBERecharge82</item>
		<item>@string/feedbacktypeSBERecharge83</item>
		<item>@string/feedbacktypeSBERecharge84</item>
		<item>@string/feedbacktypeSBERecharge85</item>
		<item>@string/feedbacktypeSBERecharge86</item>
		<item>@string/feedbacktypeSBERecharge87</item>
		<item>@string/feedbacktypeSBERecharge88</item>
		<item>@string/feedbacktypeSBERecharge89</item>
		<item>@string/feedbacktypeSBERecharge90</item>
		<item>@string/feedbacktypeSBERecharge91</item>
		<item>@string/feedbacktypeSBERecharge92</item>
	</string-array>

</resources>
