<?xml version="1.0" encoding="utf-8"?>
<resources>
    <color name="drawer">#B9B3B3</color>
	<color name="transparent">#74ceff</color>
    <color name="app.primary">#ff387cff</color>
    <color name="app.secondary">#ffffffff</color>
    <color name="app.primary.text">#FF414042</color>
    <color name="gray">#FF414042</color>
	<color name="green">#12BD12</color>
    <color name="red">#f26d7d</color>
    <color name="amber">#ffFCE227</color>
    <color name="white">#ffffff</color>
	<color name="text_shadow_white">#ff0000</color>
    <color name="primaryText">#ffffff</color>
    <color name="listHeader">#ffffff</color>
    <color name="listDetails">#ff626262</color>
    <color name="listTxnStatus">#000000</color>
    <color name="row_selected">#ff17c9ff</color>
    <color name="mom_blue">#6dcff6</color>
    <color name="disabled">#ffe6e6e6</color>
    <color name="balance_amount">#ffff6e37</color>
    <color name="actionbar_text">#FFFFFF</color>
</resources>
