<?xml version="1.0" encoding="utf-8"?>

<!-- Generated with http://android-holo-colors.com -->
<resources xmlns:android="http://schemas.android.com/apk/res/android">

    <style name="EditTextAppTheme" parent="android:Widget.EditText">
        <item name="android:background">@drawable/apptheme_edit_text_holo_light</item>
        <item name="android:textColor">#000000</item>
        <item name="android:padding">@dimen/small</item>
    </style>

    <style name="EditTextAppTheme.phone">
        <item name="android:inputType">number</item>
        <item name="android:maxLength">10</item>
    </style>

    <style name="EditTextAppTheme.money">
        <item name="android:inputType">number</item>
        <item name="android:maxLength">4</item>
    </style>

    <style name="AutoCompleteTextViewAppTheme" parent="android:Widget.AutoCompleteTextView">
        <item name="android:dropDownSelector">@drawable/apptheme_list_selector_holo_light</item>
        <item name="android:background">@drawable/apptheme_edit_text_holo_light</item>
        <item name="android:textColor">#000000</item>
    </style>

    <style name="CheckBoxAppTheme" parent="android:Widget.CompoundButton.CheckBox">
        <item name="android:button">@drawable/apptheme_btn_check_holo_light</item>
    </style>

    <style name="RadioButtonAppTheme" parent="android:Widget.CompoundButton.RadioButton">
        <item name="android:button">@drawable/apptheme_btn_radio_holo_light</item>
    </style>

    <style name="ButtonAppTheme" parent="android:Widget.Button">
        <item name="android:background">@drawable/apptheme_btn_default_holo_light</item>
        <item name="android:minHeight">48dip</item>
        <item name="android:minWidth">64dip</item>
        <item name="android:textColor">#000000</item>
        <item name="android:padding">@dimen/small</item>
        <item name="android:layout_margin">@dimen/ultra_small</item>
    </style>

    <style name="ImageButtonAppTheme" parent="android:Widget.ImageButton">
        <item name="android:background">@drawable/apptheme_btn_default_holo_light</item>
    </style>

    <style name="SpinnerAppTheme" parent="android:Widget.Spinner">
        <item name="android:background">@drawable/apptheme_spinner_background_holo_light</item>
        <item name="android:dropDownSelector">@drawable/apptheme_list_selector_holo_light</item>
        <item name="android:textColor">#000000</item>
        <item name="android:color">#000000</item>
        <item name="android:padding">@dimen/large</item>
    </style>

    <style name="SpinnerDropDownItemAppTheme" parent="android:Widget.DropDownItem.Spinner">
        <item name="android:checkMark">@drawable/apptheme_btn_radio_holo_light</item>
    </style>

    <style name="ProgressBarAppTheme" parent="android:Widget.ProgressBar.Horizontal">
        <item name="android:progressDrawable">@drawable/apptheme_progress_horizontal_holo_light
        </item>
        <item name="android:indeterminateDrawable">
            @drawable/apptheme_progress_indeterminate_horizontal_holo_light
        </item>
        <item name="android:minHeight">16dip</item>
        <item name="android:maxHeight">16dip</item>
    </style>

</resources>